n_anneal,min,mean
8192,8.666591614110498,8.668402395315177
