n_anneal,min,mean
16,26.086974088927924,32.77173622115115
