n_anneal,min,mean
8192,16.751871336922406,19.28297556986964
