n_anneal,min,mean
16,122.73982371097746,138.143542800446
