n_anneal,min,mean
8192,120.54679145793317,120.58587769591655
