n_anneal,min,mean
8192,12.273865448173426,12.275795080429464
