n_anneal,min,mean
8192,77.55304964742433,77.77254830065853
