n_anneal,min,mean
8192,12.279870244817635,12.28126177865092
