n_anneal,min,mean
8192,6.419847087049407,6.4208579688318475
