n_anneal,min,mean
4096,6.5176857264766666,6.532890563442022
8192,6.419847087049407,6.423894054344125
