n_anneal,min,mean
4096,6.5176857264766666,6.526378300521156
8192,6.419847087049407,6.424192627929118
