n_anneal,min,mean
2048,6.419847087049407,6.432360639273549
