n_anneal,min,mean
8192,6.419847087049407,6.420317193136844
