n_anneal,min,mean
2048,6.5176857264766666,6.536646193496158
