{
    "64": 6.41984712,
    "128": 8.66168077,
    "256": 12.0444271421
}