n_anneal,min,mean
8192,-72.94127862875973,-72.94125853277937
