n_anneal,min,mean
8192,-71.34603744370477,-71.34593396745468
