n_anneal,min,mean
8192,-71.17441261363393,-71.17363854807137
