n_anneal,min,mean
8192,-70.1163747623029,-70.11592728557659
