n_anneal,min,mean
8192,-71.91293888651269,-71.91289438783885
